group1,group2,meandiff,p-adj,lower,upper,reject
11,22,-0.1019,1.0,-0.709,0.5052,False
11,23,-0.043,1.0,-0.6015,0.5154,False
11,31,-0.1206,1.0,-0.6995,0.4582,False
11,32,-0.118,1.0,-0.7022,0.4661,False
11,33,-0.0175,1.0,-0.5841,0.5492,False
11,42,0.0318,1.0,-0.547,0.6107,False
11,44,-0.1067,1.0,-0.6611,0.4477,False
11,45,-0.162,1.0,-0.7176,0.3935,False
11,48,-0.0225,1.0,-0.5847,0.5398,False
11,49,-0.0085,1.0,-0.5809,0.5639,False
11,51,-0.113,1.0,-0.6732,0.4472,False
11,52,-0.0743,1.0,-0.6324,0.4838,False
11,53,-0.1582,1.0,-0.7128,0.3963,False
11,54,-0.0662,1.0,-0.6241,0.4917,False
11,55,-0.0436,1.0,-0.6205,0.5332,False
11,56,-0.0657,1.0,-0.6239,0.4926,False
11,61,0.0637,1.0,-0.491,0.6185,False
11,62,0.0072,1.0,-0.5476,0.562,False
11,71,-0.0495,1.0,-0.6042,0.5052,False
11,72,-0.1156,1.0,-0.6701,0.439,False
11,81,-0.0791,1.0,-0.6342,0.476,False
11,92,0.0304,1.0,-0.5336,0.5944,False
22,23,0.0589,1.0,-0.1984,0.3161,False
22,31,-0.0188,1.0,-0.3177,0.2802,False
22,32,-0.0162,1.0,-0.3253,0.2929,False
22,33,0.0844,1.0,-0.1902,0.359,False
22,42,0.1337,0.9946,-0.1652,0.4326,False
22,44,-0.0048,1.0,-0.2531,0.2434,False
22,45,-0.0602,1.0,-0.3111,0.1907,False
22,48,0.0794,1.0,-0.186,0.3449,False
22,49,0.0934,1.0,-0.1928,0.3796,False
22,51,-0.0111,1.0,-0.2721,0.2498,False
22,52,0.0276,1.0,-0.2289,0.284,False
22,53,-0.0564,1.0,-0.3051,0.1923,False
22,54,0.0357,1.0,-0.2203,0.2916,False
22,55,0.0582,1.0,-0.2368,0.3532,False
22,56,0.0362,1.0,-0.2206,0.293,False
22,61,0.1656,0.7261,-0.0835,0.4147,False
22,62,0.1091,0.996,-0.1401,0.3583,False
22,71,0.0524,1.0,-0.1965,0.3012,False
22,72,-0.0137,1.0,-0.2623,0.2349,False
22,81,0.0228,1.0,-0.2271,0.2726,False
22,92,0.1323,0.9826,-0.1368,0.4014,False
23,31,-0.0776,0.9969,-0.2583,0.1031,False
23,32,-0.075,0.9995,-0.2721,0.1221,False
23,33,0.0256,1.0,-0.1111,0.1623,False
23,42,0.0749,0.9981,-0.1058,0.2555,False
23,44,-0.0637,0.1375,-0.1338,0.0065,False
23,45,-0.119,0.0,-0.1981,-0.04,True
23,48,0.0206,1.0,-0.0967,0.1379,False
23,49,0.0345,1.0,-0.1242,0.1933,False
23,51,-0.07,0.7506,-0.1768,0.0368,False
23,52,-0.0313,0.9999,-0.1264,0.0638,False
23,53,-0.1152,0.0,-0.1869,-0.0435,True
23,54,-0.0232,1.0,-0.1171,0.0707,False
23,55,-0.0006,1.0,-0.1747,0.1735,False
23,56,-0.0226,1.0,-0.1188,0.0735,False
23,61,0.1068,0.0,0.0337,0.1798,True
23,62,0.0502,0.6732,-0.0232,0.1237,False
23,71,-0.0065,1.0,-0.0788,0.0658,False
23,72,-0.0726,0.0414,-0.144,-0.0011,True
23,81,-0.0361,0.988,-0.1119,0.0397,False
23,92,0.0734,0.8941,-0.0519,0.1987,False
31,32,0.0026,1.0,-0.2465,0.2517,False
31,33,0.1032,0.9767,-0.1015,0.3078,False
31,42,0.1525,0.7757,-0.0838,0.3888,False
31,44,0.0139,1.0,-0.1538,0.1816,False
31,45,-0.0414,1.0,-0.213,0.1302,False
31,48,0.0982,0.973,-0.0941,0.2904,False
31,49,0.1121,0.9736,-0.1079,0.3321,False
31,51,0.0076,1.0,-0.1784,0.1936,False
31,52,0.0463,1.0,-0.1333,0.2259,False
31,53,-0.0376,1.0,-0.2059,0.1307,False
31,54,0.0544,1.0,-0.1245,0.2334,False
31,55,0.077,0.9999,-0.1543,0.3083,False
31,56,0.055,1.0,-0.1251,0.2351,False
31,61,0.1844,0.0154,0.0155,0.3533,True
31,62,0.1279,0.467,-0.0412,0.2969,False
31,71,0.0711,0.9976,-0.0975,0.2397,False
31,72,0.0051,1.0,-0.1632,0.1733,False
31,81,0.0415,1.0,-0.1286,0.2116,False
31,92,0.151,0.4399,-0.0462,0.3483,False
32,33,0.1006,0.9926,-0.1187,0.3199,False
32,42,0.1499,0.8677,-0.0992,0.399,False
32,44,0.0113,1.0,-0.1739,0.1966,False
32,45,-0.044,1.0,-0.2328,0.1448,False
32,48,0.0956,0.9923,-0.1122,0.3033,False
32,49,0.1096,0.9902,-0.1241,0.3432,False
32,51,0.005,1.0,-0.197,0.207,False
32,52,0.0437,1.0,-0.1524,0.2398,False
32,53,-0.0402,1.0,-0.2261,0.1457,False
32,54,0.0518,1.0,-0.1437,0.2473,False
32,55,0.0744,1.0,-0.17,0.3188,False
32,56,0.0524,1.0,-0.1442,0.249,False
32,61,0.1818,0.0667,-0.0046,0.3682,False
32,62,0.1253,0.7083,-0.0612,0.3118,False
32,71,0.0685,0.9997,-0.1176,0.2546,False
32,72,0.0025,1.0,-0.1833,0.1882,False
32,81,0.0389,1.0,-0.1485,0.2264,False
32,92,0.1485,0.6322,-0.0639,0.3608,False
33,42,0.0493,1.0,-0.1554,0.254,False
33,44,-0.0892,0.4847,-0.2082,0.0297,False
33,45,-0.1446,0.0056,-0.269,-0.0202,True
33,48,-0.005,1.0,-0.1566,0.1466,False
33,49,0.009,1.0,-0.1766,0.1945,False
33,51,-0.0955,0.7257,-0.2392,0.0481,False
33,52,-0.0569,0.9977,-0.1921,0.0784,False
33,53,-0.1408,0.0047,-0.2607,-0.0209,True
33,54,-0.0488,0.9997,-0.1831,0.0856,False
33,55,-0.0262,1.0,-0.2251,0.1727,False
33,56,-0.0482,0.9998,-0.1841,0.0877,False
33,61,0.0812,0.7056,-0.0395,0.2019,False
33,62,0.0247,1.0,-0.0962,0.1456,False
33,71,-0.032,1.0,-0.1523,0.0882,False
33,72,-0.0981,0.3015,-0.2179,0.0216,False
33,81,-0.0617,0.9768,-0.184,0.0607,False
33,92,0.0479,1.0,-0.11,0.2058,False
42,44,-0.1385,0.2858,-0.3062,0.0291,False
42,45,-0.1939,0.009,-0.3655,-0.0223,True
42,48,-0.0543,1.0,-0.2465,0.1379,False
42,49,-0.0403,1.0,-0.2603,0.1797,False
42,51,-0.1448,0.4047,-0.3309,0.0412,False
42,52,-0.1062,0.8859,-0.2857,0.0734,False
42,53,-0.1901,0.0091,-0.3584,-0.0217,True
42,54,-0.0981,0.9434,-0.277,0.0809,False
42,55,-0.0755,1.0,-0.3068,0.1559,False
42,56,-0.0975,0.9499,-0.2776,0.0826,False
42,61,0.0319,1.0,-0.137,0.2008,False
42,62,-0.0246,1.0,-0.1937,0.1445,False
42,71,-0.0813,0.9861,-0.2499,0.0873,False
42,72,-0.1474,0.1859,-0.3157,0.0208,False
42,81,-0.111,0.7584,-0.2811,0.0592,False
42,92,-0.0014,1.0,-0.1986,0.1958,False
44,45,-0.0553,0.0003,-0.0968,-0.0139,True
44,48,0.0842,0.1848,-0.0118,0.1803,False
44,49,0.0982,0.6772,-0.0456,0.242,False
44,51,-0.0063,1.0,-0.0892,0.0766,False
44,52,0.0324,0.9864,-0.0349,0.0996,False
44,53,-0.0515,0.0,-0.0763,-0.0268,True
44,54,0.0405,0.8362,-0.025,0.106,False
44,55,0.0631,0.9991,-0.0975,0.2237,False
44,56,0.041,0.8746,-0.0276,0.1097,False
44,61,0.1705,0.0,0.142,0.1989,True
44,62,0.1139,0.0,0.0846,0.1432,True
44,71,0.0572,0.0,0.0308,0.0836,True
44,72,-0.0089,0.9997,-0.0329,0.0151,False
44,81,0.0276,0.3692,-0.0072,0.0624,False
44,92,0.1371,0.0006,0.0314,0.2428,True
45,48,0.1396,0.0002,0.0369,0.2423,True
45,49,0.1536,0.0323,0.0052,0.3019,True
45,51,0.049,0.9495,-0.0415,0.1396,False
45,52,0.0877,0.007,0.0113,0.1642,True
45,53,0.0038,1.0,-0.0402,0.0478,False
45,54,0.0958,0.0009,0.0209,0.1708,True
45,55,0.1184,0.5744,-0.0463,0.2831,False
45,56,0.0964,0.0016,0.0187,0.1741,True
45,61,0.2258,0.0,0.1796,0.272,True
45,62,0.1693,0.0,0.1225,0.216,True
45,71,0.1125,0.0,0.0676,0.1575,True
45,72,0.0465,0.0218,0.0029,0.0901,True
45,81,0.0829,0.0,0.0326,0.1333,True
45,92,0.1925,0.0,0.0807,0.3042,True
48,49,0.014,1.0,-0.1578,0.1857,False
48,51,-0.0906,0.5647,-0.2159,0.0348,False
48,52,-0.0519,0.9944,-0.1675,0.0637,False
48,53,-0.1358,0.0001,-0.233,-0.0386,True
48,54,-0.0438,0.9994,-0.1583,0.0708,False
48,55,-0.0212,1.0,-0.2073,0.1649,False
48,56,-0.0432,0.9996,-0.1596,0.0732,False
48,61,0.0862,0.1837,-0.012,0.1844,False
48,62,0.0297,1.0,-0.0688,0.1282,False
48,71,-0.0271,1.0,-0.1247,0.0706,False
48,72,-0.0931,0.0794,-0.1902,0.0039,False
48,81,-0.0567,0.9236,-0.1569,0.0436,False
48,92,0.0529,0.9996,-0.0886,0.1943,False
49,51,-0.1045,0.8013,-0.2693,0.0603,False
49,52,-0.0658,0.9979,-0.2233,0.0917,False
49,53,-0.1497,0.0321,-0.2943,-0.0052,True
49,54,-0.0577,0.9997,-0.2145,0.099,False
49,55,-0.0351,1.0,-0.2498,0.1795,False
49,56,-0.0572,0.9998,-0.2153,0.1009,False
49,61,0.0722,0.98,-0.073,0.2175,False
49,62,0.0157,1.0,-0.1297,0.1611,False
49,71,-0.041,1.0,-0.1859,0.1038,False
49,72,-0.1071,0.5092,-0.2515,0.0373,False
49,81,-0.0706,0.9863,-0.2172,0.076,False
49,92,0.0389,1.0,-0.1384,0.2162,False
51,52,0.0387,0.9997,-0.0662,0.1436,False
51,53,-0.0452,0.9537,-0.1295,0.039,False
51,54,0.0468,0.9941,-0.057,0.1506,False
51,55,0.0694,0.9993,-0.1103,0.249,False
51,56,0.0473,0.9946,-0.0585,0.1531,False
51,61,0.1768,0.0,0.0914,0.2621,True
51,62,0.1202,0.0001,0.0346,0.2059,True
51,71,0.0635,0.4868,-0.0212,0.1482,False
51,72,-0.0026,1.0,-0.0866,0.0814,False
51,81,0.0339,0.9993,-0.0538,0.1216,False
51,92,0.1434,0.0181,0.0106,0.2763,True
52,53,-0.0839,0.0023,-0.1528,-0.0151,True
52,54,0.0081,1.0,-0.0837,0.0999,False
52,55,0.0307,1.0,-0.1423,0.2037,False
52,56,0.0087,1.0,-0.0854,0.1027,False
52,61,0.1381,0.0,0.0678,0.2083,True
52,62,0.0816,0.0063,0.0109,0.1522,True
52,71,0.0248,0.9998,-0.0447,0.0943,False
52,72,-0.0413,0.8681,-0.1099,0.0273,False
52,81,-0.0048,1.0,-0.0779,0.0683,False
52,92,0.1047,0.2413,-0.0189,0.2284,False
53,54,0.092,0.0002,0.0249,0.1592,True
53,55,0.1146,0.599,-0.0467,0.2759,False
53,56,0.0926,0.0004,0.0224,0.1628,True
53,61,0.222,0.0,0.1899,0.2541,True
53,62,0.1655,0.0,0.1326,0.1983,True
53,71,0.1087,0.0,0.0784,0.139,True
53,72,0.0427,0.0,0.0145,0.0708,True
53,81,0.0791,0.0,0.0413,0.117,True
53,92,0.1887,0.0,0.082,0.2953,True
54,55,0.0226,1.0,-0.1497,0.1949,False
54,56,0.0006,1.0,-0.0922,0.0934,False
54,61,0.13,0.0,0.0613,0.1986,True
54,62,0.0734,0.0221,0.0045,0.1424,True
54,71,0.0167,1.0,-0.0511,0.0845,False
54,72,-0.0494,0.5195,-0.1163,0.0175,False
54,81,-0.0129,1.0,-0.0844,0.0586,False
54,92,0.0966,0.3819,-0.0261,0.2194,False
55,56,-0.022,1.0,-0.1956,0.1515,False
55,61,0.1074,0.7303,-0.0545,0.2693,False
55,62,0.0509,1.0,-0.1112,0.2129,False
55,71,-0.0059,1.0,-0.1674,0.1557,False
55,72,-0.0719,0.9948,-0.2331,0.0892,False
55,81,-0.0355,1.0,-0.1986,0.1276,False
55,92,0.074,0.9993,-0.1172,0.2653,False
56,61,0.1294,0.0,0.0578,0.201,True
56,62,0.0729,0.0429,0.0009,0.1449,True
56,71,0.0162,1.0,-0.0547,0.087,False
56,72,-0.0499,0.5908,-0.1199,0.0201,False
56,81,-0.0135,1.0,-0.0879,0.0609,False
56,92,0.0961,0.423,-0.0284,0.2205,False
61,62,-0.0565,0.0,-0.0922,-0.0208,True
61,71,-0.1133,0.0,-0.1467,-0.0798,True
61,72,-0.1793,0.0,-0.2108,-0.1478,True
61,81,-0.1429,0.0,-0.1832,-0.1025,True
61,92,-0.0333,1.0,-0.141,0.0743,False
62,71,-0.0567,0.0,-0.0909,-0.0226,True
62,72,-0.1228,0.0,-0.1551,-0.0905,True
62,81,-0.0864,0.0,-0.1273,-0.0454,True
62,92,0.0232,1.0,-0.0847,0.131,False
71,72,-0.0661,0.0,-0.0958,-0.0364,True
71,81,-0.0296,0.4578,-0.0686,0.0094,False
71,92,0.0799,0.4962,-0.0272,0.187,False
72,81,0.0365,0.0665,-0.0009,0.0738,False
72,92,0.146,0.0002,0.0395,0.2525,True
81,92,0.1095,0.0498,0.0,0.219,True
